tv_show_titles,tv_show_urls,tv_shows_runtimes,tv_shows_age_ratings,tv_shows_imdb_ratings,tv_shows_genres,tv_shows_release_years,tv_shows_streaming_availability
Shōgun,https://www.justwatch.com/in/tv-show/shogun-2024,55min,Age rating not found,9.2,"Drama, History, War & Military",2024,Streaming information not found
Masters of the Air,https://www.justwatch.com/in/tv-show/masters-of-the-air,53min,A,7.9,"Drama, War & Military, Action & Adventure, Mystery & Thriller",2024,Streaming information not found
Griselda,https://www.justwatch.com/in/tv-show/griselda,55min,Age rating not found,7.2,"Crime, Drama",2024,Streaming information not found
ted,https://www.justwatch.com/in/tv-show/ted,36min,Age rating not found,8.0,Comedy,2024,Streaming information not found
Alexander: The Making of a God,https://www.justwatch.com/in/tv-show/alexander-the-making-of-a-god,39min,Age rating not found,5.2,"Documentary, Drama, History",2024,Streaming information not found
Jab Mila Tu,https://www.justwatch.com/in/tv-show/jab-mila-tu,25min,Age rating not found,7.8,"Romance, Drama",2024,Streaming information not found
The Indrani Mukerjea Story: Buried Truth,https://www.justwatch.com/in/tv-show/the-indrani-mukerjea-story-buried-truth,46min,Age rating not found,6.3,"Documentary, Crime",2024,Streaming information not found
A Killer Paradox,https://www.justwatch.com/in/tv-show/a-killer-paradox,53min,Age rating not found,7.2,"Comedy, Crime, Mystery & Thriller",2024,Streaming information not found
One Day,https://www.justwatch.com/in/tv-show/one-day,29min,A,8.2,"Drama, Romance, Comedy",2024,Streaming information not found
House of Ninjas,https://www.justwatch.com/in/tv-show/house-of-ninjas,53min,Age rating not found,7.3,"Action & Adventure, Drama, Mystery & Thriller",2024,Streaming information not found
Maamla Legal Hai,https://www.justwatch.com/in/tv-show/maamla-legal-hai,38min,Age rating not found,,Drama,2024,Streaming information not found
Marry My Husband,https://www.justwatch.com/in/tv-show/marry-my-husband,1h,Age rating not found,7.9,"Fantasy, Romance, Comedy, Drama, Science-Fiction",2024,Streaming information not found
Solo Leveling,https://www.justwatch.com/in/tv-show/solo-leveling-2024,24min,Age rating not found,8.5,"Animation, Action & Adventure, Fantasy, Science-Fiction",2024,Streaming information not found
Mr. & Mrs. Smith,https://www.justwatch.com/in/tv-show/mr-and-mrs-smith,49min,Age rating not found,7.0,"Comedy, Action & Adventure, Drama, Crime, Mystery & Thriller",2024,Streaming information not found
Avatar: The Last Airbender,https://www.justwatch.com/in/tv-show/avatar-the-last-airbender,54min,Age rating not found,7.4,"Science-Fiction, Action & Adventure, Fantasy, Comedy, Drama, Kids & Family",2024,Streaming information not found
Indian Police Force,https://www.justwatch.com/in/tv-show/indian-police-force,38min,A,4.9,"Action & Adventure, Crime",2024,Streaming information not found
Death and Other Details,https://www.justwatch.com/in/tv-show/death-and-other-details,45min,Age rating not found,6.9,"Mystery & Thriller, Drama, Crime",2024,Streaming information not found
Mashle: Magic and Muscles,https://www.justwatch.com/in/tv-show/mashle-magic-and-muscles,23min,Age rating not found,7.6,"Comedy, Fantasy, Animation, Action & Adventure, Science-Fiction",2023,Streaming information not found
Scam 2003: The Telgi Story,https://www.justwatch.com/in/tv-show/scam-2003-the-telgi-story,44min,Age rating not found,,Drama,2023,Streaming information not found
Taaza Khabar,https://www.justwatch.com/in/tv-show/taaza-khabar,29min,Age rating not found,8.1,"Science-Fiction, Drama, Comedy, Fantasy, Mystery & Thriller, Action & Adventure",2023,Streaming information not found
My Demon,https://www.justwatch.com/in/tv-show/my-demon,1h,Age rating not found,7.7,"Science-Fiction, Romance, Comedy, Drama, Fantasy",2023,Streaming information not found
ONE PIECE,https://www.justwatch.com/in/tv-show/one-piece-2023,56min,Age rating not found,8.3,"Action & Adventure, Science-Fiction, Comedy, Drama, Fantasy",2023,Streaming information not found
Berlin,https://www.justwatch.com/in/tv-show/berlin,48min,Age rating not found,7.0,"Drama, Action & Adventure, Crime, Mystery & Thriller",2023,Streaming information not found
Farzi,https://www.justwatch.com/in/tv-show/farzi,56min,Age rating not found,8.4,"Crime, Drama, Mystery & Thriller",2023,Streaming information not found
Monarch: Legacy of Monsters,https://www.justwatch.com/in/tv-show/monarch-legacy-of-monsters,46min,Age rating not found,7.0,"Drama, Science-Fiction, Action & Adventure",2023,Streaming information not found
The Railway Men - The Untold Story of Bhopal 1984,https://www.justwatch.com/in/tv-show/the-railway-men-the-untold-story-of-bhopal-1984,59min,Age rating not found,8.5,"Drama, Mystery & Thriller, History",2023,Streaming information not found
The Freelancer,https://www.justwatch.com/in/tv-show/the-freelancer,50min,Age rating not found,8.1,"Action & Adventure, Mystery & Thriller, Drama",2023,Streaming information not found
Poacher,https://www.justwatch.com/in/tv-show/poacher,47min,Age rating not found,7.7,"Crime, Drama",2023,Streaming information not found
The Last of Us,https://www.justwatch.com/in/tv-show/the-last-of-us,58min,A,8.7,"Drama, Horror, Science-Fiction, Mystery & Thriller, Action & Adventure",2023,Streaming information not found
Death's Game,https://www.justwatch.com/in/tv-show/deaths-game,51min,Age rating not found,8.6,"Drama, Science-Fiction, Fantasy",2023,Streaming information not found
Tokyo Vice,https://www.justwatch.com/in/tv-show/tokyo-vice,58min,A,8.0,"Crime, Drama, Mystery & Thriller",2022,Streaming information not found
The Great Indian Murder,https://www.justwatch.com/in/tv-show/the-great-indian-murder,45min,Age rating not found,6.8,"Mystery & Thriller, Crime",2022,Streaming information not found
Halo,https://www.justwatch.com/in/tv-show/halo,52min,Age rating not found,7.2,"Action & Adventure, Science-Fiction, Mystery & Thriller, War & Military",2022,Streaming information not found
Love Never Lies: Poland,https://www.justwatch.com/in/tv-show/love-never-lies-poland,48min,Age rating not found,,Reality TV,2022,Streaming information not found
House of the Dragon,https://www.justwatch.com/in/tv-show/house-of-the-dragon,1h,A,8.4,"Science-Fiction, Drama, Action & Adventure, Fantasy, Romance",2022,Streaming information not found
Reacher,https://www.justwatch.com/in/tv-show/jack-reacher,48min,A,8.1,"Action & Adventure, Crime, Drama, Mystery & Thriller",2022,Streaming information not found
The Bear,https://www.justwatch.com/in/tv-show/the-bear,34min,Age rating not found,8.6,"Drama, Comedy",2022,Streaming information not found
