movie_titles,movie_urls,movies_release_years,movies_genres,movies_runtimes,movies_age_ratings,movies_imdb_ratings,movies_streaming_availability
Salaar,https://www.justwatch.com/in/movie/salaar,2023,"Mystery & Thriller, Action & Adventure, Crime, Drama",2h,A,6.5,Streaming information not found
Animal,https://www.justwatch.com/in/movie/animal-2022,2023,"Action & Adventure, Drama, Crime, Mystery & Thriller",3h,A,6.3,Streaming information not found
Dune,https://www.justwatch.com/in/movie/dune-2021,2021,"Action & Adventure, Science-Fiction, Drama",2h,UA,8.0,Streaming information not found
Dunki,https://www.justwatch.com/in/movie/dunki,2023,"Comedy, Drama",2h,Age rating not found,6.8,Streaming information not found
12th Fail,https://www.justwatch.com/in/movie/12th-fail,2023,Drama,2h,Age rating not found,9.1,Streaming information not found
Oppenheimer,https://www.justwatch.com/in/movie/oppenheimer,2023,"History, Drama",3h,UA,8.4,Streaming information not found
The Kerala Story,https://www.justwatch.com/in/movie/the-kerala-story,2023,Drama,2h,A,7.1,Streaming information not found
Anyone But You,https://www.justwatch.com/in/movie/anyone-but-you,2023,"Comedy, Romance",1h,Age rating not found,6.3,Streaming information not found
Sam Bahadur,https://www.justwatch.com/in/movie/sam-bahadur,2023,"War & Military, Drama, History",2h,UA,7.8,Streaming information not found
Guntur Kaaram,https://www.justwatch.com/in/movie/ssmb-28,2024,"Action & Adventure, Drama, Kids & Family",2h,UA,5.4,Streaming information not found
Captain Miller,https://www.justwatch.com/in/movie/captain-miller,2024,"Action & Adventure, Drama, Mystery & Thriller",2h,UA,6.7,Streaming information not found
Ayalaan,https://www.justwatch.com/in/movie/ayalaan,2024,"Action & Adventure, Science-Fiction",2h,U,6.1,Streaming information not found
Hanu-Man,https://www.justwatch.com/in/movie/hanu-man,2024,"Comedy, Fantasy, Action & Adventure",2h,UA,8.4,Streaming information not found
Aquaman and the Lost Kingdom,https://www.justwatch.com/in/movie/aquaman-and-the-lost-kingdom,2023,"Action & Adventure, Fantasy, Science-Fiction",2h,Age rating not found,5.7,Streaming information not found
Poor Things,https://www.justwatch.com/in/movie/poor-things,2023,"Science-Fiction, Romance, Comedy, Drama",2h,A,8.2,Streaming information not found
Fighter,https://www.justwatch.com/in/movie/fighter-2022,2024,"Mystery & Thriller, War & Military, Action & Adventure",2h,UA,6.9,Streaming information not found
Teri Baaton Mein Aisa Uljha Jiya,https://www.justwatch.com/in/movie/untitled-shahid-kapoor-kriti-sanon-film,2024,"Comedy, Drama, Romance, Science-Fiction",2h,Age rating not found,7.0,Streaming information not found
Article 370,https://www.justwatch.com/in/movie/article-370,2024,"Mystery & Thriller, Action & Adventure, Drama",2h,UA,8.6,Streaming information not found
Eagle,https://www.justwatch.com/in/movie/eagle-2024,2024,"Action & Adventure, Mystery & Thriller",2h,UA,7.2,Streaming information not found
Jawan,https://www.justwatch.com/in/movie/jawan,2023,"Action & Adventure, Mystery & Thriller, Drama",2h,UA,7.0,Streaming information not found
The Marvels,https://www.justwatch.com/in/movie/the-marvels,2023,"Science-Fiction, Action & Adventure, Fantasy",1h,Age rating not found,5.6,Streaming information not found
Neru,https://www.justwatch.com/in/movie/neru,2023,"Drama, Mystery & Thriller",2h,UA,7.6,Streaming information not found
Bhakshak,https://www.justwatch.com/in/movie/bhakshak,2024,"Crime, Drama",2h,A,7.2,Streaming information not found
Upgraded,https://www.justwatch.com/in/movie/upgraded,2024,"Romance, Comedy",1h,Age rating not found,6.1,Streaming information not found
Migration,https://www.justwatch.com/in/movie/migration,2023,"Comedy, Kids & Family, Animation, Action & Adventure",1h,Age rating not found,6.7,Streaming information not found
Anatomy of a Fall,https://www.justwatch.com/in/movie/anatomie-dune-chute,2023,"Mystery & Thriller, Crime, Drama",2h,Age rating not found,7.8,Streaming information not found
The Beekeeper,https://www.justwatch.com/in/movie/the-beekeeper-2024,2024,"Drama, Action & Adventure, Mystery & Thriller",1h,Age rating not found,6.4,Streaming information not found
Sapta Sagaradaache Ello: Side B,https://www.justwatch.com/in/movie/sapta-sagaradaache-ello-side-b,2023,"Romance, Action & Adventure, Drama",2h,UA,8.1,Streaming information not found
Singapore Saloon,https://www.justwatch.com/in/movie/singapore-saloon,2024,"Comedy, Kids & Family, Drama",2h,UA,6.2,Streaming information not found
365 Days,https://www.justwatch.com/in/movie/365-days,2020,"Drama, Romance, Made in Europe",1h,Age rating not found,3.3,Streaming information not found
Hi Nanna,https://www.justwatch.com/in/movie/nani30,2023,"Kids & Family, Romance, Drama",2h,U,8.2,Streaming information not found
Code 8,https://www.justwatch.com/in/movie/code-8,2019,"Action & Adventure, Crime, Science-Fiction, Drama, Mystery & Thriller",1h,A,6.1,Streaming information not found
American Fiction,https://www.justwatch.com/in/movie/untitled-cord-jefferson-film,2023,"Comedy, Drama",1h,Age rating not found,7.6,Streaming information not found
Dune: Part Two,https://www.justwatch.com/in/movie/dune-part-two,2024,"Science-Fiction, Action & Adventure, Drama",2h,Age rating not found,9.0,Streaming information not found
Killers of the Flower Moon,https://www.justwatch.com/in/movie/killers-of-the-flower-moon,2023,"Crime, History, Drama, Romance, Western",3h,A,7.7,Streaming information not found
Warning 2,https://www.justwatch.com/in/movie/warning-2,2024,"Action & Adventure, Drama, Mystery & Thriller",2h,Age rating not found,7.6,Streaming information not found
Interstellar,https://www.justwatch.com/in/movie/interstellar,2014,"Drama, Science-Fiction, Action & Adventure",2h,Age rating not found,8.7,Streaming information not found
Harry Potter and the Philosopher's Stone,https://www.justwatch.com/in/movie/harry-potter-and-the-philosophers-stone,2001,"Action & Adventure, Fantasy, Kids & Family",2h,U,7.6,Streaming information not found
Past Lives,https://www.justwatch.com/in/movie/past-lives,2023,"Romance, Drama",1h,UA,7.9,Streaming information not found
Malaikottai Vaaliban,https://www.justwatch.com/in/movie/malaikottai-vaaliban,2024,"Action & Adventure, Drama, Fantasy, Mystery & Thriller, Western",2h,UA,6.5,Streaming information not found
Sound of Freedom,https://www.justwatch.com/in/movie/sound-of-freedom,2023,"Action & Adventure, Drama, Mystery & Thriller, Crime, History",2h,Age rating not found,7.7,Streaming information not found
Crakk: Jeetega... Toh Jiyegaa,https://www.justwatch.com/in/movie/crakk-jeetegaa-toh-jiyegaa,2024,"Action & Adventure, Mystery & Thriller, Sport",2h,Age rating not found,6.5,Streaming information not found
Mission: Impossible - Dead Reckoning Part One,https://www.justwatch.com/in/movie/mission-impossible-7,2023,"Mystery & Thriller, Action & Adventure",2h,Age rating not found,7.7,Streaming information not found
Barbie,https://www.justwatch.com/in/movie/barbie-2023,2023,"Comedy, Action & Adventure, Fantasy",1h,UA,6.9,Streaming information not found
Manjummel Boys,https://www.justwatch.com/in/movie/manjummel-boys,2024,"Mystery & Thriller, Action & Adventure, Drama",2h,UA,8.7,Streaming information not found
The Wolf of Wall Street,https://www.justwatch.com/in/movie/the-wolf-of-wall-street,2013,"Crime, Drama, Comedy",3h,A,8.2,Streaming information not found
Society of the Snow,https://www.justwatch.com/in/movie/society-of-the-snow,2023,"History, Drama, Mystery & Thriller",2h,Age rating not found,7.8,Streaming information not found
Abraham Ozler,https://www.justwatch.com/in/movie/abraham-ozler,2024,"Mystery & Thriller, Crime, Drama",2h,Age rating not found,7.0,Streaming information not found
K.G.F: Chapter 1,https://www.justwatch.com/in/movie/k-g-f-chapter-1,2018,"Mystery & Thriller, Action & Adventure, Crime, Drama",2h,UA,8.2,Streaming information not found
Saba Nayagan,https://www.justwatch.com/in/movie/saba-nayagan,2023,"Comedy, Romance",2h,Age rating not found,6.8,Streaming information not found
Uri: The Surgical Strike,https://www.justwatch.com/in/movie/uri-the-surgical-strike,2019,"War & Military, Action & Adventure, Drama, History",2h,UA,8.2,Streaming information not found
Parking,https://www.justwatch.com/in/movie/parking-2023,2023,"Mystery & Thriller, Drama",2h,UA,7.9,Streaming information not found
Bramayugam,https://www.justwatch.com/in/movie/bramayugam,2024,"Horror, Mystery & Thriller, Fantasy, History",2h,UA,8.4,Streaming information not found
Zara Hatke Zara Bachke,https://www.justwatch.com/in/movie/zara-hatke-zara-bach-ke,2023,"Drama, Romance, Comedy, Kids & Family",2h,UA,6.7,Streaming information not found
Leo,https://www.justwatch.com/in/movie/leo-2023,2023,"Crime, Mystery & Thriller, Action & Adventure, Drama",2h,UA,7.2,Streaming information not found
Premalu,https://www.justwatch.com/in/movie/premalu,2024,"Comedy, Romance",2h,U,8.3,Streaming information not found
Naadu,https://www.justwatch.com/in/movie/naadu,2023,Drama,2h,Age rating not found,8.5,Streaming information not found
Aatmapamphlet,https://www.justwatch.com/in/movie/aatmapamphlet,2023,"Comedy, Drama, Romance",1h,UA,7.8,Streaming information not found
Blue Star,https://www.justwatch.com/in/movie/blue-star,2024,"Drama, Sport, Comedy",2h,Age rating not found,7.2,Streaming information not found
Naa Saami Ranga,https://www.justwatch.com/in/movie/naa-saami-ranga,2024,"Action & Adventure, Drama",2h,UA,4.5,Streaming information not found
Merry Christmas,https://www.justwatch.com/in/movie/merry-christmas-2024,2024,"Mystery & Thriller, Drama",2h,UA,7.7,Streaming information not found
The Holdovers,https://www.justwatch.com/in/movie/the-holdovers,2023,"Comedy, Drama",2h,Age rating not found,8.0,Streaming information not found
Saindhav,https://www.justwatch.com/in/movie/saindhav,2024,"Action & Adventure, Crime, Drama, Mystery & Thriller",2h,UA,5.0,Streaming information not found
Tiger 3,https://www.justwatch.com/in/movie/tiger-3,2023,"Action & Adventure, Mystery & Thriller",2h,Age rating not found,5.8,Streaming information not found
Tiger Nageswara Rao,https://www.justwatch.com/in/movie/tiger-nageswara-rao,2023,"Drama, Mystery & Thriller, Action & Adventure, Crime, History",2h,UA,6.1,Streaming information not found
Laapataa Ladies,https://www.justwatch.com/in/movie/laapataa-ladies,2024,"Comedy, Drama",2h,Age rating not found,8.4,Streaming information not found
Route No 17,https://www.justwatch.com/in/movie/route-no-17,2023,"Drama, Mystery & Thriller",1h,Age rating not found,7.0,Streaming information not found
Deadpool,https://www.justwatch.com/in/movie/deadpool,2016,"Action & Adventure, Comedy",1h,A,8.0,Streaming information not found
Code 8 Part II,https://www.justwatch.com/in/movie/code-8-part-ii,2024,"Science-Fiction, Action & Adventure, Crime, Drama, Mystery & Thriller",1h,Age rating not found,5.8,Streaming information not found
777 Charlie,https://www.justwatch.com/in/movie/777-charlie,2022,"Drama, Comedy",2h,UA,8.7,Streaming information not found
Talk to Me,https://www.justwatch.com/in/movie/talk-to-me-2022,2023,"Horror, Mystery & Thriller",1h,Age rating not found,7.1,Streaming information not found
Saltburn,https://www.justwatch.com/in/movie/saltburn,2023,"Comedy, Mystery & Thriller, Drama",2h,Age rating not found,7.0,Streaming information not found
Napoleon,https://www.justwatch.com/in/movie/napoleon-2023,2023,"War & Military, Action & Adventure, Drama, History",2h,A,6.4,Streaming information not found
Wonka,https://www.justwatch.com/in/movie/wonka,2023,"Kids & Family, Fantasy, Comedy",1h,U,7.1,Streaming information not found
Fast X,https://www.justwatch.com/in/movie/fast-x,2023,"Action & Adventure, Crime, Mystery & Thriller",2h,UA,5.8,Streaming information not found
Blue Beetle,https://www.justwatch.com/in/movie/blue-beetle,2023,"Action & Adventure, Science-Fiction, Mystery & Thriller",2h,Age rating not found,6.0,Streaming information not found
One Day,https://www.justwatch.com/in/movie/one-day,2011,"Romance, Drama",1h,UA,7.0,Streaming information not found
Yaariyan 2,https://www.justwatch.com/in/movie/yaariyan-2,2023,"Drama, Romance, Comedy",2h,UA,5.6,Streaming information not found
Dada,https://www.justwatch.com/in/movie/dada-2023,2023,"Romance, Drama, Comedy, Kids & Family",2h,U,8.1,Streaming information not found
The Peanut Butter Falcon,https://www.justwatch.com/in/movie/the-peanut-butter-falcon,2019,"Drama, Action & Adventure, Comedy",1h,Age rating not found,7.6,Streaming information not found
Pindam,https://www.justwatch.com/in/movie/pindam,2023,"Horror, Mystery & Thriller",2h,UA,6.9,Streaming information not found
Hacksaw Ridge,https://www.justwatch.com/in/movie/hacksaw-ridge,2016,"Drama, History, War & Military",2h,A,8.1,Streaming information not found
Joram,https://www.justwatch.com/in/movie/joram,2023,"Drama, Crime, Mystery & Thriller, Action & Adventure",1h,UA,6.7,Streaming information not found
The Zone of Interest,https://www.justwatch.com/in/movie/the-zone-of-interest,2023,"History, Drama, War & Military",1h,UA,7.6,Streaming information not found
Tumbbad,https://www.justwatch.com/in/movie/tumbbad,2018,"Horror, Fantasy, Mystery & Thriller, Drama, Made in Europe",1h,A,8.2,Streaming information not found
Godzilla Minus One,https://www.justwatch.com/in/movie/godzilla-minus-one,2023,"Science-Fiction, Horror, Action & Adventure, Drama",2h,Age rating not found,8.3,Streaming information not found
Orion and the Dark,https://www.justwatch.com/in/movie/orion-and-the-dark,2024,"Animation, Comedy, Kids & Family, Fantasy",1h,Age rating not found,6.4,Streaming information not found
Gadar 2,https://www.justwatch.com/in/movie/gadar-2,2023,"Drama, Action & Adventure, Mystery & Thriller",2h,UA,5.2,Streaming information not found
Rockstar,https://www.justwatch.com/in/movie/rockstar,2011,"Drama, Music & Musical, Romance",2h,UA,7.7,Streaming information not found
The Flash,https://www.justwatch.com/in/movie/the-flash,2023,"Science-Fiction, Action & Adventure, Fantasy",2h,A,6.7,Streaming information not found
The Family Plan,https://www.justwatch.com/in/movie/the-family-plan,2023,"Action & Adventure, Comedy",1h,A,6.3,Streaming information not found
The Nun II,https://www.justwatch.com/in/movie/the-nun-ii,2023,"Horror, Mystery & Thriller",1h,A,5.6,Streaming information not found
Blade Runner 2049,https://www.justwatch.com/in/movie/blade-runner-2049,2017,"Drama, Science-Fiction, Action & Adventure, Mystery & Thriller",2h,A,8.0,Streaming information not found
Pushpa: The Rise - Part 1,https://www.justwatch.com/in/movie/pushpa,2021,"Action & Adventure, Drama, Mystery & Thriller, Crime",2h,UA,7.6,Streaming information not found
"20,000 Species of Bees",https://www.justwatch.com/in/movie/20-000-species-of-bees,2023,Drama,2h,Age rating not found,7.0,Streaming information not found
Section 375,https://www.justwatch.com/in/movie/section-375,2019,"Crime, Drama, Mystery & Thriller",2h,UA,8.1,Streaming information not found
Inglourious Basterds,https://www.justwatch.com/in/movie/inglourious-basterds,2009,"Mystery & Thriller, War & Military, Drama",2h,A,8.4,Streaming information not found
Kaathal – The Core,https://www.justwatch.com/in/movie/kaathal-the-core,2023,"Drama, Crime",1h,UA,7.6,Streaming information not found
Rocky Aur Rani Kii Prem Kahaani,https://www.justwatch.com/in/movie/rocky-aur-rani-ki-prem-kahani,2023,"Comedy, Drama, Kids & Family, Romance",2h,Age rating not found,6.5,Streaming information not found
Spider-Man: No Way Home,https://www.justwatch.com/in/movie/spider-man-no-way-home,2021,"Action & Adventure, Science-Fiction, Fantasy",2h,UA,8.2,Streaming information not found
