tv_show_titles,tv_show_urls,tv_shows_runtimes,tv_shows_age_ratings,tv_shows_imdb_ratings,tv_shows_genres,tv_shows_release_years,tv_shows_streaming_availability
Panchayat,https://www.justwatch.com/in/tv-show/panchayat,33min,Age rating not found,8.9,"Comedy, Drama",2020,Streaming information not found
Game of Thrones,https://www.justwatch.com/in/tv-show/game-of-thrones,58min,U,9.2,"Science-Fiction, Action & Adventure, Drama, Fantasy",2011,Streaming information not found
Mirzapur,https://www.justwatch.com/in/tv-show/mirzapur,50min,Age rating not found,8.5,"Crime, Action & Adventure, Drama, Mystery & Thriller",2018,Streaming information not found
True Detective,https://www.justwatch.com/in/tv-show/true-detective,1h,U,8.9,"Drama, Crime, Mystery & Thriller",2014,Streaming information not found
Shōgun,https://www.justwatch.com/in/tv-show/shogun-2024,55min,Age rating not found,9.2,"Drama, History, War & Military",2024,Streaming information not found
One Day,https://www.justwatch.com/in/tv-show/one-day,29min,A,8.2,"Drama, Romance, Comedy",2024,Streaming information not found
Solo Leveling,https://www.justwatch.com/in/tv-show/solo-leveling-2024,24min,Age rating not found,8.5,"Animation, Action & Adventure, Fantasy, Science-Fiction",2024,Streaming information not found
Aarya,https://www.justwatch.com/in/tv-show/aarya,46min,Age rating not found,7.9,"Crime, Drama, Mystery & Thriller, Action & Adventure",2020,Streaming information not found
Avatar: The Last Airbender,https://www.justwatch.com/in/tv-show/avatar-the-last-airbender,54min,Age rating not found,7.4,"Science-Fiction, Action & Adventure, Fantasy, Comedy, Drama, Kids & Family",2024,Streaming information not found
Indian Police Force,https://www.justwatch.com/in/tv-show/indian-police-force,38min,A,4.9,"Action & Adventure, Crime",2024,Streaming information not found
Halo,https://www.justwatch.com/in/tv-show/halo,52min,Age rating not found,7.2,"Action & Adventure, Science-Fiction, Mystery & Thriller, War & Military",2022,Streaming information not found
Death and Other Details,https://www.justwatch.com/in/tv-show/death-and-other-details,45min,Age rating not found,6.9,"Mystery & Thriller, Drama, Crime",2024,Streaming information not found
Mastram,https://www.justwatch.com/in/tv-show/mastram,28min,Age rating not found,7.1,"Drama, Comedy, Fantasy",2020,Streaming information not found
Young Sheldon,https://www.justwatch.com/in/tv-show/young-sheldon,19min,U,7.6,"Comedy, Kids & Family",2017,Streaming information not found
Farzi,https://www.justwatch.com/in/tv-show/farzi,56min,Age rating not found,8.4,"Crime, Drama, Mystery & Thriller",2023,Streaming information not found
Poacher,https://www.justwatch.com/in/tv-show/poacher,47min,Age rating not found,7.7,"Crime, Drama",2023,Streaming information not found
Reacher,https://www.justwatch.com/in/tv-show/jack-reacher,48min,A,8.1,"Action & Adventure, Crime, Drama, Mystery & Thriller",2022,Streaming information not found
Yellowstone,https://www.justwatch.com/in/tv-show/yellowstone,50min,Age rating not found,8.7,"Drama, Western",2018,Streaming information not found
Jujutsu Kaisen,https://www.justwatch.com/in/tv-show/jujutsu-kaisen,23min,Age rating not found,8.6,"Action & Adventure, Fantasy, Mystery & Thriller, Animation, Science-Fiction",2020,Streaming information not found
Sunflower,https://www.justwatch.com/in/tv-show/sunflower-2021,37min,A,7.5,"Crime, Comedy",2021,Streaming information not found
The Twelve,https://www.justwatch.com/in/tv-show/the-twelve,54min,Age rating not found,7.4,"Drama, Mystery & Thriller",2019,Streaming information not found
Bigg Boss,https://www.justwatch.com/in/tv-show/bigg-boss,1h,Age rating not found,3.7,"Reality TV, Kids & Family",2006,Streaming information not found
Avatar: The Last Airbender,https://www.justwatch.com/in/tv-show/avatar-the-last-airbender-2005,24min,U,9.3,"Action & Adventure, Science-Fiction, Kids & Family, Fantasy, Animation",2005,Streaming information not found
Mr. & Mrs. Smith,https://www.justwatch.com/in/tv-show/mr-and-mrs-smith,49min,Age rating not found,7.0,"Comedy, Action & Adventure, Drama, Crime, Mystery & Thriller",2024,Streaming information not found
Criminal Justice,https://www.justwatch.com/in/tv-show/criminal-justice-2019,50min,Age rating not found,8.1,"Drama, Mystery & Thriller, Crime",2019,Streaming information not found
Money Heist,https://www.justwatch.com/in/tv-show/paperhouse,51min,Age rating not found,8.2,"Crime, Drama, Mystery & Thriller, Action & Adventure, Made in Europe",2017,Streaming information not found
Loki,https://www.justwatch.com/in/tv-show/loki,49min,Age rating not found,8.2,"Science-Fiction, Action & Adventure, Fantasy, Drama",2021,Streaming information not found
Scam 1992,https://www.justwatch.com/in/tv-show/scam-1992,52min,Age rating not found,9.3,"Crime, Drama, Mystery & Thriller",2020,Streaming information not found
Aashram,https://www.justwatch.com/in/tv-show/aashram,43min,Age rating not found,7.4,"Drama, Crime, Mystery & Thriller",2020,Streaming information not found
The Rookie,https://www.justwatch.com/in/tv-show/the-rookie,42min,Age rating not found,8.0,"Comedy, Drama, Action & Adventure, Crime",2018,Streaming information not found
Masters of the Air,https://www.justwatch.com/in/tv-show/masters-of-the-air,53min,A,7.9,"Drama, War & Military, Action & Adventure, Mystery & Thriller",2024,Streaming information not found
Gandii Baat,https://www.justwatch.com/in/tv-show/gandii-baat,44min,A,3.4,"Crime, Drama, Mystery & Thriller",2018,Streaming information not found
Mashle: Magic and Muscles,https://www.justwatch.com/in/tv-show/mashle-magic-and-muscles,23min,Age rating not found,7.6,"Comedy, Fantasy, Animation, Action & Adventure, Science-Fiction",2023,Streaming information not found
Lucifer,https://www.justwatch.com/in/tv-show/lucifer,47min,U,8.1,"Crime, Science-Fiction, Fantasy, Drama",2016,Streaming information not found
Euphoria,https://www.justwatch.com/in/tv-show/euphoria,58min,A,8.3,Drama,2019,Streaming information not found
The Family Man,https://www.justwatch.com/in/tv-show/the-family-man,45min,Age rating not found,8.7,"Comedy, Drama, Action & Adventure",2019,Streaming information not found
Breaking Bad,https://www.justwatch.com/in/tv-show/breaking-bad,47min,U,9.5,"Drama, Crime, Mystery & Thriller",2008,Streaming information not found
Gullak,https://www.justwatch.com/in/tv-show/gullak,29min,Age rating not found,9.1,"Comedy, Drama, Kids & Family",2019,Streaming information not found
Tokyo Vice,https://www.justwatch.com/in/tv-show/tokyo-vice,58min,A,8.0,"Crime, Drama, Mystery & Thriller",2022,Streaming information not found
The Last of Us,https://www.justwatch.com/in/tv-show/the-last-of-us,58min,A,8.7,"Drama, Horror, Science-Fiction, Mystery & Thriller, Action & Adventure",2023,Streaming information not found
The Bear,https://www.justwatch.com/in/tv-show/the-bear,34min,Age rating not found,8.6,"Drama, Comedy",2022,Streaming information not found
Naruto Shippūden,https://www.justwatch.com/in/tv-show/naruto-shippuden,24min,U,8.7,"Animation, Action & Adventure, Science-Fiction, Comedy, Drama, Fantasy",2007,Streaming information not found
Shark Tank India,https://www.justwatch.com/in/tv-show/shark-tank-india,56min,U,8.7,Reality TV,2021,Streaming information not found
Spartacus,https://www.justwatch.com/in/tv-show/spartacus,54min,Age rating not found,8.5,"Drama, Romance, Action & Adventure",2010,Streaming information not found
Succession,https://www.justwatch.com/in/tv-show/succession,1h,U,8.8,"Drama, Comedy",2018,Streaming information not found
Maamla Legal Hai,https://www.justwatch.com/in/tv-show/maamla-legal-hai,38min,Age rating not found,,Drama,2024,Streaming information not found
House of Ninjas,https://www.justwatch.com/in/tv-show/house-of-ninjas,53min,Age rating not found,7.3,"Action & Adventure, Drama, Mystery & Thriller",2024,Streaming information not found
Marry My Husband,https://www.justwatch.com/in/tv-show/marry-my-husband,1h,Age rating not found,7.9,"Fantasy, Romance, Comedy, Drama, Science-Fiction",2024,Streaming information not found
Fargo,https://www.justwatch.com/in/tv-show/fargo,52min,Age rating not found,8.9,"Mystery & Thriller, Crime, Drama",2014,Streaming information not found
Superman & Lois,https://www.justwatch.com/in/tv-show/superman-and-lois,42min,Age rating not found,7.8,"Drama, Science-Fiction, Romance, Action & Adventure",2021,Streaming information not found
The Freelancer,https://www.justwatch.com/in/tv-show/the-freelancer,50min,Age rating not found,8.1,"Action & Adventure, Mystery & Thriller, Drama",2023,Streaming information not found
Modern Family,https://www.justwatch.com/in/tv-show/modern-family,21min,U,8.5,"Comedy, Drama, Romance",2009,Streaming information not found
House of the Dragon,https://www.justwatch.com/in/tv-show/house-of-the-dragon,1h,A,8.4,"Science-Fiction, Drama, Action & Adventure, Fantasy, Romance",2022,Streaming information not found
Maharani,https://www.justwatch.com/in/tv-show/maharani-2021,44min,UA,7.9,Drama,2021,Streaming information not found
Dark Desire,https://www.justwatch.com/in/tv-show/dark-desire,34min,Age rating not found,6.5,"Mystery & Thriller, Drama",2020,Streaming information not found
Love Never Lies: Poland,https://www.justwatch.com/in/tv-show/love-never-lies-poland,48min,Age rating not found,,Reality TV,2022,Streaming information not found
The Railway Men - The Untold Story of Bhopal 1984,https://www.justwatch.com/in/tv-show/the-railway-men-the-untold-story-of-bhopal-1984,59min,Age rating not found,8.5,"Drama, Mystery & Thriller, History",2023,Streaming information not found
Demon Slayer: Kimetsu no Yaiba,https://www.justwatch.com/in/tv-show/demon-slayer-kimetsu-no-yaiba,26min,Age rating not found,8.7,"Animation, Action & Adventure, Fantasy, Mystery & Thriller, Science-Fiction",2019,Streaming information not found
Monarch: Legacy of Monsters,https://www.justwatch.com/in/tv-show/monarch-legacy-of-monsters,46min,Age rating not found,7.0,"Drama, Science-Fiction, Action & Adventure",2023,Streaming information not found
A Killer Paradox,https://www.justwatch.com/in/tv-show/a-killer-paradox,53min,Age rating not found,7.2,"Comedy, Crime, Mystery & Thriller",2024,Streaming information not found
The Legend of Hanuman,https://www.justwatch.com/in/tv-show/the-legend-of-hanuman,21min,Age rating not found,9.1,"Action & Adventure, Animation, Fantasy",2021,Streaming information not found
Peaky Blinders,https://www.justwatch.com/in/tv-show/peaky-blinders,58min,A,8.8,"Drama, Crime",2013,Streaming information not found
Scam 2003: The Telgi Story,https://www.justwatch.com/in/tv-show/scam-2003-the-telgi-story,44min,Age rating not found,,Drama,2023,Streaming information not found
The Great Indian Murder,https://www.justwatch.com/in/tv-show/the-great-indian-murder,45min,Age rating not found,6.8,"Mystery & Thriller, Crime",2022,Streaming information not found
The Indrani Mukerjea Story: Buried Truth,https://www.justwatch.com/in/tv-show/the-indrani-mukerjea-story-buried-truth,46min,Age rating not found,6.3,"Documentary, Crime",2024,Streaming information not found
Naruto,https://www.justwatch.com/in/tv-show/naruto,23min,Age rating not found,8.4,"Action & Adventure, Science-Fiction, Animation, Comedy, Fantasy",2002,Streaming information not found
Apharan,https://www.justwatch.com/in/tv-show/apharan,24min,Age rating not found,8.3,"Drama, Action & Adventure, Crime, Mystery & Thriller",2018,Streaming information not found
Stranger Things,https://www.justwatch.com/in/tv-show/stranger-things,1h,Age rating not found,8.7,"Drama, Science-Fiction, Mystery & Thriller, Horror, Fantasy",2016,Streaming information not found
Jab Mila Tu,https://www.justwatch.com/in/tv-show/jab-mila-tu,25min,Age rating not found,7.8,"Romance, Drama",2024,Streaming information not found
Berlin,https://www.justwatch.com/in/tv-show/berlin,48min,Age rating not found,7.0,"Drama, Action & Adventure, Crime, Mystery & Thriller",2023,Streaming information not found
ONE PIECE,https://www.justwatch.com/in/tv-show/one-piece-2023,56min,Age rating not found,8.3,"Action & Adventure, Science-Fiction, Comedy, Drama, Fantasy",2023,Streaming information not found
Flames,https://www.justwatch.com/in/tv-show/flames,31min,Age rating not found,8.9,"Drama, Comedy, Romance, Made in Europe",2018,Streaming information not found
Asur: Welcome to Your Dark Side,https://www.justwatch.com/in/tv-show/asur,47min,Age rating not found,8.5,"Drama, Mystery & Thriller, Crime",2020,Streaming information not found
College Romance,https://www.justwatch.com/in/tv-show/college-romance,31min,A,8.3,"Comedy, Drama, Romance",2018,Streaming information not found
The King: Eternal Monarch,https://www.justwatch.com/in/tv-show/the-king-eternal-monarch,1h,Age rating not found,,"Science-Fiction, Drama",2020,Streaming information not found
House,https://www.justwatch.com/in/tv-show/house,44min,U,8.7,"Drama, Mystery & Thriller",2004,Streaming information not found
The Walking Dead,https://www.justwatch.com/in/tv-show/the-walking-dead,46min,U,8.1,"Action & Adventure, Drama, Science-Fiction, Mystery & Thriller, Horror",2010,Streaming information not found
Alexander: The Making of a God,https://www.justwatch.com/in/tv-show/alexander-the-making-of-a-god,39min,Age rating not found,5.2,"Documentary, Drama, History",2024,Streaming information not found
Curb Your Enthusiasm,https://www.justwatch.com/in/tv-show/curb-your-enthusiasm,33min,U,8.8,Comedy,2000,Streaming information not found
The Flash,https://www.justwatch.com/in/tv-show/the-flash,42min,Age rating not found,7.5,"Action & Adventure, Drama, Science-Fiction",2014,Streaming information not found
"Good Morning, Verônica",https://www.justwatch.com/in/tv-show/good-morning-veronica,49min,Age rating not found,7.5,"Crime, Drama, Mystery & Thriller",2020,Streaming information not found
My Demon,https://www.justwatch.com/in/tv-show/my-demon,1h,Age rating not found,7.7,"Science-Fiction, Romance, Comedy, Drama, Fantasy",2023,Streaming information not found
Better Call Saul,https://www.justwatch.com/in/tv-show/better-call-saul,47min,A,8.8,"Crime, Drama",2015,Streaming information not found
The Boys,https://www.justwatch.com/in/tv-show/the-boys,1h,A,8.7,"Science-Fiction, Action & Adventure, Drama, Comedy, Crime",2019,Streaming information not found
Tadap,https://www.justwatch.com/in/tv-show/tadap,29min,Age rating not found,5.8,"Drama, Romance",2019,Streaming information not found
ted,https://www.justwatch.com/in/tv-show/ted,36min,Age rating not found,8.0,Comedy,2024,Streaming information not found
His Dark Materials,https://www.justwatch.com/in/tv-show/his-dark-materials,54min,Age rating not found,7.8,"Science-Fiction, Drama, Fantasy",2019,Streaming information not found
Shameless,https://www.justwatch.com/in/tv-show/shameless,55min,U,8.5,"Drama, Comedy",2011,Streaming information not found
FEUD,https://www.justwatch.com/in/tv-show/feud,52min,Age rating not found,8.4,Drama,2017,Streaming information not found
Taaza Khabar,https://www.justwatch.com/in/tv-show/taaza-khabar,29min,Age rating not found,8.1,"Science-Fiction, Drama, Comedy, Fantasy, Mystery & Thriller, Action & Adventure",2023,Streaming information not found
Griselda,https://www.justwatch.com/in/tv-show/griselda,55min,Age rating not found,7.2,"Crime, Drama",2024,Streaming information not found
The Witcher,https://www.justwatch.com/in/tv-show/the-witcher,57min,A,8.0,"Action & Adventure, Science-Fiction, Drama, Fantasy",2019,Streaming information not found
The Vampire Diaries,https://www.justwatch.com/in/tv-show/the-vampire-diaries,42min,U,7.7,"Science-Fiction, Romance, Mystery & Thriller, Drama, Fantasy, Horror",2009,Streaming information not found
The Good Doctor,https://www.justwatch.com/in/tv-show/the-good-doctor,43min,U,8.0,Drama,2017,Streaming information not found
She,https://www.justwatch.com/in/tv-show/she,41min,Age rating not found,6.4,"Drama, Crime",2020,Streaming information not found
Aspirants,https://www.justwatch.com/in/tv-show/aspirants,44min,Age rating not found,9.2,Drama,2021,Streaming information not found
Parks and Recreation,https://www.justwatch.com/in/tv-show/parks-and-recreation,22min,Age rating not found,8.6,Comedy,2009,Streaming information not found
How I Met Your Mother,https://www.justwatch.com/in/tv-show/how-i-met-your-mother,24min,U,8.3,"Comedy, Drama, Romance",2005,Streaming information not found
Death's Game,https://www.justwatch.com/in/tv-show/deaths-game,51min,Age rating not found,8.6,"Drama, Science-Fiction, Fantasy",2023,Streaming information not found
Mayor of Kingstown,https://www.justwatch.com/in/tv-show/mayor-of-kingstown,47min,Age rating not found,8.2,"Drama, Crime, Mystery & Thriller",2021,Streaming information not found
